{
    "battle_high_list": [
        370,
        370
    ],
    "battle_zone_link_flag": [
        0,
        0
    ],
    "battle_zone_list": [],
    "battle_zone_wgs84": [
        [
            [
                109.52602915112695,
                40.86256683515435
            ],
            [
                109.5260251278134,
                40.84561125074037
            ],
            [
                109.54328782516187,
                40.846217429982254
            ],
            [
                109.54176164822103,
                40.86286590146173
            ]
        ],
        [
            [
                109.52602915112695,
                40.86256683515435
            ],
            [
                109.5260251278134,
                40.84561125074037
            ],
            [
                109.54328782516187,
                40.846217429982254
            ],
            [
                109.54176164822103,
                40.86286590146173
            ]
        ]
    ],
    "distance_points": 300,
    "formation_model": 2,
    "formation_using": 1,
    "high_list": [
        410,
        416
    ],
    "high_zhandou_point_wgs84": [
        [
            109.56783942556261,
            40.86065978453055
        ],
        [
            109.555949192911,
            40.86065978453055
        ],
        [
            109.555949192911,
            40.85149869957193
        ],
        [
            109.56783942556261,
            40.85149869957193
        ]
    ],
    "leader_fly_high": 600,
    "leader_midway_point_wgs84": [
        [
            109.55959967940747,
            40.866899943850186,
            1296.0
        ],
        [
            109.44067857742814,
            40.86683825304238,
            1896.0
        ],
        [
            109.44067857742814,
            40.839857912360564,
            1896.0
        ],
        [
            109.54766384920227,
            40.839809632597934,
            1896.0
        ],
        [
            109.54766384920227,
            40.86678997327976,
            1896.0
        ]
    ],
    "prohibited_zone_wgs84": [],
    "ready_high_list": [
        416,
        419
    ],
    "ready_id": [
        33,
        34
    ],
    "ready_zone": [
        [
            109.52602915112695,
            40.86256683515435
        ],
        [
            109.5260251278134,
            40.84561125074037
        ],
        [
            109.54328782516187,
            40.846217429982254
        ],
        [
            109.54176164822103,
            40.86286590146173
        ]
    ],
    "uav_leader_id": [
        32
    ],
    "uav_leader_start_point_wgs84": [
        [
            109.55960772603457,
            40.866916037104396
        ]
    ],
    "uav_start_point_wgs84": [
        [
            109.55960772603457,
            40.866916037104396
        ],
        [
            109.55960772603457,
            40.866916037104396
        ]
    ],
    "uavs_id": [
        33,
        34
    ],
    "uavs_plane_data": [
        [
            32,
            0,
            0
        ],
        [
            33,
            0,
            0
        ],
        [
            34,
            0,
            0
        ]
    ],
    "using_midway_lines": [],
    "using_uav_list": []
}