{
    "battle_high_list": [],
    "battle_zone_link_flag": [],
    "battle_zone_list": [],
    "battle_zone_wgs84": [],
    "distance_points": 300,
    "formation_model": 2,
    "formation_using": 1,
    "high_list": [
        410,
        416
    ],
    "high_zhandou_point_wgs84": [
        [
            109.57499958258121,
            40.86729959299638
        ],
        [
            109.57499958258121,
            40.86079925940036
        ],
        [
            109.58099968419224,
            40.86099908397346
        ],
        [
            109.58099968419224,
            40.86759865930377
        ]
    ],
    "leader_fly_high": 600,
    "leader_midway_point_wgs84": [
        [
            109.56059880227296,
            40.86719901015758,
            1669.0
        ],
        [
            109.2995997466117,
            40.86719901015758,
            1674.0
        ],
        [
            109.299698988346,
            40.84019989401251,
            1674.0
        ],
        [
            109.38269994693026,
            40.84019989401251,
            1674.0
        ],
        [
            109.54869918188973,
            40.84019989401251,
            1674.0
        ],
        [
            109.54869918188973,
            40.86719901015758,
            1674.0
        ],
        [
            109.54869918188973,
            40.868098891288774,
            1674.0
        ]
    ],
    "prohibited_zone_wgs84": [],
    "ready_high_list": [
        416,
        419
    ],
    "ready_id": [],
    "ready_zone": [
        [
            109.59852389692159,
            40.87929174959132
        ],
        [
            109.59836162327498,
            40.862216806875296
        ],
        [
            109.61559347521955,
            40.86288467692498
        ],
        [
            109.61409814368261,
            40.87937221586236
        ]
    ],
    "uav_leader_id": [
        32
    ],
    "uav_leader_start_point_wgs84": [
        [
            109.55960772603457,
            40.866916037104396
        ]
    ],
    "uav_start_point_wgs84": [],
    "uavs_id": [],
    "uavs_plane_data": [
        [
            32,
            0,
            0
        ]
    ],
    "using_midway_lines": [],
    "using_uav_list": []
}